source,author,title,description,url,published_at,content
CoinDesk,AI Boost,Shiba Inu (SHIB) Price Drops 7% in 24 Hours but Remains Up 25% Over the Past Month,Meme token faces significant downward pressure amid shifting economic conditions despite positive developments in US-China trade relations.,https://www.coindesk.com/markets/2025/05/15/shiba-inu-shib-price-drops-7-in-24-hours-but-remains-up-25-over-the-last-month,2025-05-15T14:58:03Z,"The cryptocurrency market is feeling the effects of shifting global economic conditions as Shiba Inu (SHIB) faces significant downward pressure. 
The meme token's recent price action shows a clear d… [+2058 chars]"
Biztoc.com,ambcrypto.com,"3,333,333 SHIB burned in 24 hours – Coincidence or hidden signal?","A significant amount of SHIB was burned in the last 24 hours, decreasing the available supply in the market.
- Buying activity has since surged in the spot market, with U.S. investors adding to the catalyst.
Shiba Inu [SHIB] has remained on the low end despit…",https://biztoc.com/x/b1035e63a1ef6ddd,2025-05-19T14:15:58Z,"A significant amount of SHIB was burned in the last 24 hours, decreasing the available supply in the market.- Buying activity has since surged in the spot market, with U.S. investors adding to the ca… [+150 chars]"
Yahoo Entertainment,Khyathi Dalal,"Bitcoin, Ethereum, XRP, Dogecoin Grind Up On Tuesday As Traders Hope For 'Red Monday, Green Week'","The crypto market opened the week with volatility but is showing signs of strength, as Bitcoin rebounded to touch $105,000. Institutional adoption continues ...",https://finance.yahoo.com/news/bitcoin-ethereum-xrp-dogecoin-grind-180116957.html,2025-05-21T18:01:16Z,"Benzinga and Yahoo Finance LLC may earn commission or revenue on some items through the links below.
The crypto market opened the week with volatility but is showing signs of strength, as Bitcoin re… [+2376 chars]"
CoinDesk,Oliver Knight,Trump Family Profited $320M on Memecoin Despite 87% Decline Since Day One,Data from Chainalysis show the creators of the TRUMP token made $320 million in fees while retail investors lost money.,https://www.coindesk.com/business/2025/05/09/trump-family-profited-usd320m-on-memecoin-despite-87-decline-since-day-one,2025-05-09T16:42:31Z,"U.S. President Donald Trump has come a long way since he said the value of crypto was based on thin air in 2019. So much so that he is now one of the sectors largest proponents, foraying into memecoi… [+4704 chars]"
CoinDesk,AI Boost,"SHIB Surges 5% After Mid-Day Dip, Defying Economic Tensions",Market volatility creates buying opportunity as Shiba Inu's SHIB token demonstrates remarkable resilience despite broader uncertainty.,https://www.coindesk.com/markets/2025/05/26/shib-surges-5-after-mid-day-dip-defying-economic-tensions,2025-05-26T06:41:04Z,"Geopolitical tensions and shifting trade policies continue to influence cryptocurrency markets, with Shiba Inu 's SHIB token demonstrating remarkable resilience amid broader economic uncertainty.
Af… [+1252 chars]"
Yahoo Entertainment,,Can Shiba Inu Reach $1 in 2030?,,https://consent.yahoo.com/v2/collectConsent?sessionId=1_cc-session_660a8671-36cb-47ef-9a96-febdcc212f9a,2025-04-29T10:23:00Z,"If you click 'Accept all', we and our partners, including 240 who are part of the IAB Transparency &amp; Consent Framework, will also store and/or access information on a device (in other words, use … [+702 chars]"
CoinDesk,AI Boost,SHIB Slides 5% but Finds Support as Loyal Holders Hold Their Ground,"SHIB dropped 5% on high volume but found support near $0.00001440. With over 1.13M loyal holders and ecosystem updates ahead, long-term sentiment stays firm.",https://www.coindesk.com/markets/2025/05/24/shib-slides-5-but-finds-support-as-loyal-holders-hold-their-ground,2025-05-24T15:31:44Z,"Shiba Inu (SHIB) has stabilized following significant price volatility, establishing a consolidation pattern between $0.00001440 and $0.00001456. 
The meme token faced intense selling pressure with … [+2121 chars]"
CoinDesk,AI Boost,SHIB Spikes Then Reverses Sharply as Whale Activity Turns Bearish,"Shiba Inu’s price swings reveal quick gains and sharp reversals, while on-chain data shows whales reducing exposure, hinting at short-term bearish pressure.",https://www.coindesk.com/markets/2025/05/21/shib-spikes-then-reverses-sharply-as-whale-activity-turns-bearish,2025-05-21T08:35:04Z,"Shiba Inu has displayed conflicting market indicators in recent trading sessions. The token initially demonstrated bullish momentum with significant volume support, but this quickly gave way to inten… [+1723 chars]"
Yahoo Entertainment,Khyathi Dalal,"Bitcoin, Ethereum, XRP, Dogecoin Open Green As China Announces Liquidity Injection Ahead Of Fed Interest Rate Decision","Major cryptocurrencies are seeing a green start to the week, buoyed by improving macro sentiment as markets await today's FOMC decision and ongoing U.S...",https://finance.yahoo.com/news/bitcoin-ethereum-xrp-dogecoin-open-204350151.html,2025-05-07T20:43:50Z,"Benzinga and Yahoo Finance LLC may earn commission or revenue on some items through the links below.
Major cryptocurrencies are seeing a green start to the week, buoyed by improving macro sentiment … [+3432 chars]"
CoinDesk,AI Boost,SHIB Stalls Below Key Resistance as Whale Activity Collapses 83%.,"Large SHIB holders pull back sharply as liquidity shrinks, but analysts say ecosystem growth and long-term token burn plans may offer upside potential.",https://www.coindesk.com/markets/2025/05/28/shib-stalls-below-key-resistance-as-whale-activity-collapses-83,2025-05-28T13:15:05Z,"The cryptocurrency market continues to navigate choppy waters as global economic tensions weigh on investor sentiment. 
Shiba Inu has established a resistance zone around $0.00001467-$0.00001470, wh… [+2472 chars]"
BetaNews,John Bravo,"Microsoft's crypto payment gateway, bridging traditional and digital finance","Now that digital currencies are becoming more popular, Microsoft has introduced its Crypto Payment Gateway. It was created to let merchants use crypto while benefiting from the protection, stability, and ease of use that standard finance offers. The gateway c…",https://betanews.com/2025/05/23/microsofts-crypto-payment-gateway-bridging-traditional-and-digital-finance/,2025-05-23T17:50:21Z,"Now that digital currencies are becoming more popular, Microsoft has introduced its Crypto Payment Gateway. 
It was created to let merchants use crypto while benefiting from the protection, stabilit… [+5496 chars]"
Bitcoinist,Scott Matherson,Why Is Dogecoin And Shiba Inu Surging Today?,"Dogecoin and Shiba Inu are surging today, providing a bullish outlook for the foremost meme coins, which have traded sideways for a while now. This price surge has come following developments on the macro side, which have provided some form of market clarity.…",https://bitcoinist.com/dogecoin-and-shiba-inu-surging/,2025-05-09T04:36:55Z,"Dogecoin and Shiba Inu are surging today, providing a bullish outlook for the foremost meme coins, which have traded sideways for a while now. This price surge has come following developments on the … [+2666 chars]"
newsBTC,Scott Matherson,Analyst Says This Dogecoin And Shiba Inu Contender Could See ‘Impulsive Move’,"Dogecoin and Shiba Inu remain the top leaders when it comes to meme coins, but others have been creeping up as fierce contenders over time. Back in 2021, when the original meme coin bull run started, the likes of FLOKI had crept up from the shadows to also be…",http://www.newsbtc.com/meme-coins/dogecoin-shiba-inu-contender/,2025-05-23T07:00:59Z,"Strict editorial policy that focuses on accuracy, relevance, and impartiality
Created by industry experts and meticulously reviewed
The highest standards in reporting and publishing
Strict editori… [+2632 chars]"
CoinDesk,AI Boost,SHIB Jumps Nearly 7% as Bulls Break Through Resistance on Heavy Buying,The popular meme token shows remarkable resilience despite 80% of holders underwater on their investments.,https://www.coindesk.com/markets/2025/05/20/shib-jumps-nearly-7-as-bulls-break-through-resistance-on-heavy-buying,2025-05-20T09:47:10Z,"The Shiba Inu token has demonstrated remarkable resilience despite broader market volatility, successfully breaking through key resistance levels while maintaining position above all major moving ave… [+1982 chars]"
Cointelegraph,Cointelegraph by Christopher Tepedino,"Bitget, Avalanche form crypto partnership in India","Bitget, a cryptocurrency exchange with 100 million users, has announced a partnership with Avalanche to support community initiatives across India, one of the fastest-growing areas for crypto and Web3 developers.The partnership will see at least $10 million d…",https://cointelegraph.com/news/bitget-avalanche-form-partnership-to-boost-crypto-in-india,2025-04-29T19:20:00Z,"Bitget, a cryptocurrency exchange with 100 million users, has announced a partnership with Avalanche to support community initiatives across India, one of the fastest-growing areas for crypto and Web… [+1860 chars]"
CoinDesk,AI Boost,"SHIB Plunges 7.4% in One Week, but Market Sentiment Remains Cautiously Optimistic","Institutional investors accumulate despite volatility, with 109 new SHIB millionaire wallets emerging in April.",https://www.coindesk.com/markets/2025/05/05/shib-plunges-7-4-in-one-week-but-market-sentiment-remains-cautiously-optimistic,2025-05-05T19:52:38Z,"The cryptocurrency market continues to reflect broader economic uncertainties as Shiba Inu (SHIB) faces significant downward pressure. 
Recent price action shows SHIB testing critical support at $0.… [+2546 chars]"
Bitcoinist,Scott Matherson,This Dogecoin Rival Is Set For An Over 100% Pump – It’s Not Shiba Inu,"Crypto analyst The Alchemist has predicted that the Dogecoin rival Baby Doge is set for a price surge of over 100%. The analyst highlighted a bullish pattern for the meme coin, which could spark this price surge while other meme coins like Shiba Inu remain in…",https://bitcoinist.com/dogecoin-rival-100-pump/,2025-05-02T04:45:57Z,"Crypto analyst The Alchemist has predicted that the Dogecoin rival Baby Doge is set for a price surge of over 100%. The analyst highlighted a bullish pattern for the meme coin, which could spark this… [+3028 chars]"
Bitcoinist,Scott Matherson,"Shiba Inu Large Transaction Volumes Crash 49% In One Day, Are Whales Leaving?","Shiba Inu whales have been known to make their presence known during major market moves, and the recent price recovery was no different. In the last week, these large investors have been returning to the market in varying degrees to take advantage of the Shib…",https://bitcoinist.com/shiba-inu-large-transaction-49/,2025-05-15T12:00:13Z,"Shiba Inu whales have been known to make their presence known during major market moves, and the recent price recovery was no different. In the last week, these large investors have been returning to… [+2547 chars]"
newsBTC,Scott Matherson,Shiba Inu Marks Major Milestone Amid Market Rebound Toward $0.00002,"Amid the flurry of new activity spurred by the crypto market recovery, Shiba Inu has marked a new milestone that shows continuous growth even through the bear market. The meme coin has now hit a new all-time high in terms of holders, showing that it remains a…",http://www.newsbtc.com/shiba-inu/shiba-inu-major-milestone/,2025-05-09T12:00:37Z,"Strict editorial policy that focuses on accuracy, relevance, and impartiality
Created by industry experts and meticulously reviewed
The highest standards in reporting and publishing
Strict editori… [+3111 chars]"
ZyCrypto,Olivia Brooke,"Ether, XRP, Shiba Inu, Cardano, Solana Explosion In The Cards As Market Sees Renewed ‘AltSeason’ FOMO","While Shiba Inu’s price has declined alongside its trading volume, May has historically been a bullish month for the memecoin.",https://zycrypto.com/ether-xrp-shiba-inu-cardano-solana-explosion-in-the-cards-as-market-sees-renewed-altseason-fomo/,2025-05-01T18:00:00Z,"Bitcoins recent upclimb to the $94,000 to $97,000 price levels has boosted positive sentiments amongst altcoin proponents. Notably, there has been a renewed interest in meme coins.
Retail traders ar… [+1820 chars]"
Yahoo Entertainment,Khyathi Dalal,"Bitcoin, Ethereum, XRP, Dogecoin Down As Sentiment Turns To Greed",Major cryptocurrencies are trading lower in early Thursday hours despite ongoing institutional demand and cooling inflation data. Sentiment has shifted...,https://finance.yahoo.com/news/bitcoin-ethereum-xrp-dogecoin-down-213158969.html,2025-05-16T21:31:58Z,"Benzinga and Yahoo Finance LLC may earn commission or revenue on some items through the links below.
Major cryptocurrencies are trading lower in early Thursday hours despite ongoing institutional de… [+3213 chars]"
Neowin,David Uzondu,Stolen credentials linked to compromised DOGE employee found circulating online,A new report has surfaced that the credentials of a DOGE software engineer were present in multiple public dumps from info-stealer malware infections. Read more...,https://www.neowin.net/news/stolen-credentials-linked-to-compromised-doge-employee-found-circulating-online/,2025-05-09T06:10:01Z,"If you're an American, or more broadly, a human connected to the internet, you've probably heard of DOGE by now. Not the joke cryptocurrency based on a Shiba Inu dog meme. No, this is the other DOGE,… [+3792 chars]"
newsBTC,Christian Encila,Shiba Inu Could Erupt 500%—Analyst Sounds The Alarm,"Shiba Inu (SHIB) might have its price increase more than fivefold from where it is now, based on recent market analysis. The meme coin trades at $0.0000125, down 3% from its daily high and 9% within the last seven days. In spite of these latest plunges, an an…",http://www.newsbtc.com/altcoin/shiba-inu-could-erupt-500-analyst-sounds-the-alarm/,2025-05-06T20:00:18Z,"They say journalists never truly clock out. But for Christian, that's not just a metaphor, it's a lifestyle. By day, he navigates the ever-shifting tides of the cryptocurrency market, wielding words … [+2792 chars]"
Cointelegraph,Cointelegraph by Amin Haqshanas,"Crypto awareness in Singapore hits record 94%, but ownership falls","Crypto awareness in Singapore has reached an all-time high, with 94% of respondents in a recent survey indicating familiarity with at least one digital asset.However, ownership has declined, falling to 29% in 2024 from 40% in 2023, according to Independent Re…",https://cointelegraph.com/news/singapore-crypto-awareness-2024-survey,2025-05-22T11:21:24Z,"Crypto awareness in Singapore has reached an all-time high, with 94% of respondents in a recent survey indicating familiarity with at least one digital asset.
However, ownership has declined, fallin… [+2701 chars]"
Newsweek,Melissa Fleur Afshar,Owners Move Home With 'Spoiled' Shiba Inu—Then She Discovers Guest Room,"Zoe McDoom, Boots' owner, told Newsweek: ""She treats it like her own room and puts herself to bed every night.""",https://www.newsweek.com/owners-move-home-spoiled-shiba-inu-2074625,2025-05-20T15:23:44Z,"A Shiba Inu named Boots has stolen the hearts of viewers on TikTok after a video showed her claiming the guest room in her owners' new Philadelphia home as her own, prompting laughter and calls for t… [+2252 chars]"
Cointelegraph,Cointelegraph by Nancy Lubale,BONK price gains 60% in a week as Solana memecoins make a comeback,"Key takeaways:<ul><li>BONK price is up 73% since April 22, hitting a five-month high of $0.00002167.
</li><li>BONK’s open interest surged 290% to $43.2 million. 
</li></ul>Bonk (BONK), the second-largest Solana-based memecoin by market capitalization, is on…",https://cointelegraph.com/news/bonk-price-gains-60-in-a-week-as-solana-memecoins-make-a-comeback,2025-04-29T00:15:00Z,"Key takeaways:
<ul><li>BONK price is up 73% since April 22, hitting a five-month high of $0.00002167.
</li><li>BONKs open interest surged 290% to $43.2 million. 
</li></ul>Bonk (BONK), the second-… [+4494 chars]"
Coinjournal.net,Collaborations,Experts are backing these 5 meme coins to lead the charge in creating millionaires this decade,XYZVerse ($XYZ) has brought a brand-new concept to the memecoin niche. XYZVerse is aiming higher than the average meme coin. It has recently earned the title of Best New Meme Project. Industry insiders are pointing to a select group of meme coins that could l…,https://coinjournal.net/news/experts-are-backing-these-5-meme-coins-to-lead-the-charge-in-creating-millionaires-this-decade/,2025-04-30T16:42:42Z,"XYZVerse ($XYZ) has brought a brand-new concept to the memecoin niche by blending the excitement of sports with the fast-moving energy of crypto.
Designed for hardcore fans of football, basketball, … [+7079 chars]"
Bitcoinist,Scott Matherson,"Shiba Inu 1,000-Day Consolidation To End In 400% Pop To New All-Time Highs – Analyst","Crypto analyst Andy has predicted that the Shiba Inu price could soon rally to new all-time highs (ATHs). He remarked that the meme coin appears poised to break out from a 1000-day consolidation pattern, which could spark this parabolic rally.  Shiba Inu Set …",https://bitcoinist.com/shiba-inu-1000-day-consolidation/,2025-05-17T16:00:55Z,Crypto analyst Andy has predicted that the Shiba Inu price could soon rally to new all-time highs (ATHs). He remarked that the meme coin appears poised to break out from a 1000-day consolidation patt… [+2720 chars]
Ambcrypto.com,Gladys Makena,Shiba Inu: 1 trillion SHIB tokens bought: How will prices react?,Shiba Inu buyers are back in the market with both whales and retailers aggressively accumulating.,https://ambcrypto.com/shiba-inu-whales-scoop-1-trillion-tokens-assessing-impact-of-shib-prices/,2025-05-20T13:00:34Z,<ul><li>SHIB was experiencing massive demand from whales and retailers.</li><li>Shiba Inu could rally to $0.000017 if the accumulation trend continues.</li></ul>After a period of net seller dominance… [+2995 chars]
Ambcrypto.com,Gladys Makena,Shiba Inu’s widespread dumping from 2 key groups – Sell pressure rising?,"Shiba Inu is experiencing massive selling pressure, with whales offloading 359 billion tokens.",https://ambcrypto.com/shiba-inus-widespread-dumping-from-2-key-groups-sell-pressure-rising/,2025-05-04T04:00:38Z,<ul><li>Shiba Inu faced heavy sell pressure as whales offloaded 359 billion tokens in a single day.</li><li>SHIB saw broad-based selling as all market cohorts rushed to exit positions.</li></ul>As Sh… [+2949 chars]
Bitcoinist,Scott Matherson,Here’s What The Shiba Inu Large Transaction Volume Says About The SHIB Price,"Shiba Inu’s price action in the past seven days has been marked by a decline from $0.00001514, struggling to keep up an upward momentum. After briefly touching $0.00001514 on April 26 following Bitcoin’s rally, SHIB has since pulled back and is currently hove…",https://bitcoinist.com/shiba-inu-large-transaction-volume/,2025-05-02T04:46:56Z,"Shiba Inu’s price action in the past seven days has been marked by a decline from $0.00001514, struggling to keep up an upward momentum. After briefly touching $0.00001514 on April 26 following Bitco… [+3013 chars]"
Forbes,"Mark Travers, Contributor, 
 Mark Travers, Contributor
 https://www.forbes.com/sites/traversmark/",What Would A 1925 Time Traveler Think Of Today’s ‘Meme Culture’? A Psychologist Explains,"A meme is a shortcut to a universal human emotion. But to someone from a century ago, modern memes would be unintelligible gibberish.",https://www.forbes.com/sites/traversmark/article/what-would-a-1925-time-traveler-think-of-todays-meme-culture-a-psychologist-explains/,2025-05-01T16:30:15Z,"A meme is a shortcut to a universal human emotion. But to someone from a century ago, modern memes ... More would be unintelligible gibberish.
getty
Ironically, the word meme predates the internet.… [+5897 chars]"
Coinjournal.net,Diya Poddar,Pepe price jumps 40% amid memecoin rally driven by Bitcoin surge,"Price broke resistance at $0.000009 amid 150% volume spike. Whale accumulation triggered breakout to $0.000011 zone. Target levels include $0.00001712, $0.00002118 and potentially $0.00006. The memecoin market is back in focus after Pepe recorded a dramatic 4…",https://coinjournal.net/news/pepe-price-jumps-40-amid-memecoin-rally-driven-by-bitcoin-surge/,2025-05-09T11:13:49Z,"<ul><li>Price broke resistance at $0.000009 amid 150% volume spike.</li><li>Whale accumulation triggered breakout to $0.000011 zone.</li><li>Target levels include $0.00001712, $0.00002118 and potenti… [+3188 chars]"
Biztoc.com,ambcrypto.com,Shiba Inu’s widespread dumping from 2 key groups – Sell pressure rising?,"Shiba Inu faced heavy sell pressure as whales offloaded 359 billion tokens in a single day.
- SHIB saw broad-based selling as all market cohorts rushed to exit positions.
As Shiba Inu [SHIB] struggles, the memecoin is facing strong selling pressure. Amidst th…",https://biztoc.com/x/0466432f21ae578e,2025-05-04T05:47:23Z,"Shiba Inu faced heavy sell pressure as whales offloaded 359 billion tokens in a single day.- SHIB saw broad-based selling as all market cohorts rushed to exit positions.As Shiba Inu [SHIB] struggles,… [+154 chars]"
ZyCrypto,Olivia Brooke,"How Altcoins Exiting Exchanges Could Trigger the Next Boom for Ether, XRP, Solana, Cardano, Shiba Inu","Altcoins are preparing for a rally, and coins like Ether, XRP, Solana, Dogecoin, Cardano, and Shiba Inu are primed for a massive price surge.",https://zycrypto.com/how-altcoins-exiting-exchanges-could-trigger-the-next-boom-for-ether-xrp-solana-cardano-shiba-inu/,2025-05-23T17:33:29Z,"Altcoins are preparing for a rally, and as market participants observed, alternative coins like Ether, XRP, Solana, Dogecoin, Cardano, and Shiba Inu are primed for a massive price surge in the coming… [+1908 chars]"
Biztoc.com,benzinga.com,"Fartcoin Soars 10% In A Week, Outshining Dogecoin, Shiba Inu","Fartcoin (CRYPTO: FARTCOIN) is turning heads with a 10% rally over the past week, leaving meme coin heavyweights Dogecoin (CRYPTO: DOGE) and Shiba Inu (CRYPTO: SHIB) trailing behind.
Cryptocurrency
Price 
Market Cap
24-Hour Trend
7-Day Trend
Fartcoin
 $1.21
$…",https://biztoc.com/x/7ab0002a0ec43197,2025-05-02T15:33:46Z,"Fartcoin (CRYPTO: FARTCOIN) is turning heads with a 10% rally over the past week, leaving meme coin heavyweights Dogecoin (CRYPTO: DOGE) and Shiba Inu (CRYPTO: SHIB) trailing behind.CryptocurrencyPri… [+132 chars]"
Biztoc.com,benzinga.com,"Shiba Inu Burn Rate Skyrockets 2,094%: What Is Going On?","Shiba Inu (CRYPTO: SHIB) has seen a massive spike in burn activity and on-chain growth, fueling speculation of a macro trend reversal.
Cryptocurrency
Price 
Market Cap
24-Hour Trend
7-Day Trend
Shiba Inu (CRYPTO: SHIB)
$0.00001317
$7.8 billion
-3.3%
-3%
Dogec…",https://biztoc.com/x/34e745e955389434,2025-04-30T17:58:20Z,"Shiba Inu (CRYPTO: SHIB) has seen a massive spike in burn activity and on-chain growth, fueling speculation of a macro trend reversal.CryptocurrencyPrice Market Cap24-Hour Trend7-Day TrendShiba Inu (… [+119 chars]"
Biztoc.com,benzinga.com,Shiba Inu Down 2%: Can Shibarium's Explosive Growth Fuel A SHIB Rally?,"Shiba Inu (CRYPTO: SHIB) is down 2% on the day, but its Layer-2 blockchain, Shibarium, is gaining in momentum with new developments.
Cryptocurrency
Price 
Market Cap
24-Hour Trend
7-Day Trend
Shiba Inu (CRYPTO: SHIB)
 $0.00001353
$7.97 billion
-1.9% 
+5.3% 
D…",https://biztoc.com/x/4cf3c83086452279,2025-04-29T14:38:46Z,"Shiba Inu (CRYPTO: SHIB) is down 2% on the day, but its Layer-2 blockchain, Shibarium, is gaining in momentum with new developments.CryptocurrencyPrice Market Cap24-Hour Trend7-Day TrendShiba Inu (CR… [+128 chars]"
Bitcoinist,Scott Matherson,79.89% Crash In 24 Hours: What’s Going On With The Shiba Inu Burn?,"In a rather unexpected turn of events, the Shiba Inu (SHIB) burn rate has plummeted by a staggering 79.89% in just 24 hours. Once considered the cornerstone of Shiba Inu’s deflationary strategy and a key driver behind the meme coin’s long-term value, this dra…",https://bitcoinist.com/79-89-crash-in-shiba-inu-burn/,2025-05-21T01:00:44Z,"In a rather unexpected turn of events, the Shiba Inu (SHIB) burn rate has plummeted by a staggering 79.89% in just 24 hours. Once considered the cornerstone of Shiba Inus deflationary strategy and a … [+3012 chars]"
ZyCrypto,Guest Author,"DOGE Price Up 11%, But Experts Predict Ruvi AI (RUVI) Will Hit $2 and Grow by 20,000% in 2025","Shiba Inu (SHIB), the memecoin world’s darling, is again making headlines. Currently priced at $0.000015 as of May 15, 2025, SHIB has surged by an impressive 26% over the past week, reigniting excitement. With ongoing token burns reducing its supply and proje…",https://zycrypto.com/doge-price-up-11-but-experts-predict-ruvi-ai-ruvi-will-hit-2-and-grow-by-20000-in-2025/,2025-05-15T22:16:11Z,"Disclaimer: The below article is sponsored, and the views in it do not represent those of ZyCrypto. Readers should conduct independent research before taking any actions related to the project mentio… [+3025 chars]"
Bitcoinist,Scott Matherson,"Solana’s BONK Dominates Buy-Ins From Smart Money, Do They Know Something?","Volatility in the crypto market remains high in meme coins such as Solana-based BONK have not been left out of this. The wild fluctuations continue to plague the meme coin, but this has not stopped the intense buying that has been going on over the last few d…",https://bitcoinist.com/solana-bonk-smart-money/,2025-05-24T15:30:53Z,"Volatility in the crypto market remains high in meme coins such as Solana-based BONK have not been left out of this. The wild fluctuations continue to plague the meme coin, but this has not stopped t… [+2555 chars]"
Biztoc.com,benzinga.com,"Shiba Inu Surges 5%, Burn Rate Explodes 4,833%: Has The Golden Bull Run Started?","Shiba Inu (CRYPTO: SHIB) has seen a dramatic jump in its burn rate alongside a 5% price spike, prompting traders to predict a renewed bull run.
Cryptocurrency
Price 
Market Cap
24-Hour Trend
7-Day Trend
Dogecoin (CRYPTO: DOGE)
$0.1841
$27.5 billion
+6.7%
+2.8…",https://biztoc.com/x/40bbc5210fe0b73f,2025-05-08T13:17:11Z,"Shiba Inu (CRYPTO: SHIB) has seen a dramatic jump in its burn rate alongside a 5% price spike, prompting traders to predict a renewed bull run.CryptocurrencyPrice Market Cap24-Hour Trend7-Day TrendDo… [+127 chars]"
Coinjournal.net,Hassan Maishera,"Shiba Inu, Pepe, and Bitcoin Pepe: Who was the best performer in April?","Key takeaways Shiba Inu and Pepe are two of the leading memecoins, but $BPEP outperformed them in April. Bitcoin Pepe’s presale has officially reached the $7.5 million milestone. Despite the trade war between the United States and its various trade partners, …",https://coinjournal.net/news/shiba-inu-pepe-and-bitcoin-pepe-who-was-the-best-performer-in-april/,2025-05-02T11:02:13Z,"Key takeaways
<ul><li>Shiba Inu and Pepe are two of the leading memecoins, but $BPEP outperformed them in April.</li><li>Bitcoin Pepe’s presale has officially reached the $7.5 million milestone.</li… [+3633 chars]"
Biztoc.com,benzinga.com,Shiba Inu Sinks 16% In 7 Days: What Is Going On?,"Shiba Inu (CRYPTO: SHIB) has dropped 16% over the past seven days, but rising burn rates and large transaction activity hint at brewing potential under the surface.
Cryptocurrency
Price 
Market Cap
24-Hour Trend
7-Day Trend
Shiba Inu (CRYPTO: SHIB)
 $0.000014…",https://biztoc.com/x/466d4a4711f5edfb,2025-05-19T13:42:32Z,"Shiba Inu (CRYPTO: SHIB) has dropped 16% over the past seven days, but rising burn rates and large transaction activity hint at brewing potential under the surface.CryptocurrencyPrice Market Cap24-Ho… [+134 chars]"
Biztoc.com,benzinga.com,Dogecoin Surges 5%: What Is Going On?,"Dogecoin (CRYPTO: DOGE) is up almost 5% on Thursday and bullish technical signals could extend the rally.
Cryptocurrency
Price 
Market Cap
24-Hour Trend
7-Day Trend
Dogecoin (CRYPTO: DOGE)
$0.1788
$26.7 billion
+4.9%
+2%
Shiba Inu (CRYPTO: SHIB)
$0.00001350
$…",https://biztoc.com/x/1e770a40788cd188,2025-05-01T15:20:27Z,Dogecoin (CRYPTO: DOGE) is up almost 5% on Thursday and bullish technical signals could extend the rally.CryptocurrencyPrice Market Cap24-Hour Trend7-Day TrendDogecoin (CRYPTO: DOGE)$0.1788$26.7 bill… [+131 chars]
Biztoc.com,benzinga.com,"Dogecoin, Shiba Inu Surge Over 25% In 7 Days: What Is Going On?","Dogecoin (CRYPTO: DOGE) and Shiba Inu (CRYPTO: SHIB) have posted strong gains over the past week, rallying more than 25% as Bitcoin hovers near all-time highs, fueling momentum across the meme coin sector.
Cryptocurrency
Price 
24-Hour Trend
7-Day Trend
Dogec…",https://biztoc.com/x/1eeb4a130f6ef1ec,2025-05-13T16:58:19Z,"Dogecoin (CRYPTO: DOGE) and Shiba Inu (CRYPTO: SHIB) have posted strong gains over the past week, rallying more than 25% as Bitcoin hovers near all-time highs, fueling momentum across the meme coin s… [+125 chars]"
Biztoc.com,benzinga.com,Dogecoin Teases 'Diamond Bottom' Reversal: Is A Breakout Imminent?,"After a stretch of muted price action, Dogecoin (CRYPTO: DOGE) may be gearing up for a trend reversal, cushioned by positive ecosystem developments.
Cryptocurrency
Price 
Market Cap
24-Hour Trend
7-Day Trend
Dogecoin (CRYPTO: DOGE)
$0.1672
$24.9 billion
-2.2%…",https://biztoc.com/x/03dbf62fcfa049c4,2025-05-06T19:04:21Z,"After a stretch of muted price action, Dogecoin (CRYPTO: DOGE) may be gearing up for a trend reversal, cushioned by positive ecosystem developments.CryptocurrencyPrice Market Cap24-Hour Trend7-Day Tr… [+134 chars]"
Biztoc.com,benzinga.com,Dogecoin Down 1% But This Pattern Signals A Breakout Is Imminent,"Dogecoin (CRYPTO: DOGE) is catching traders' attention again as its current price action closely resembles a major historical pattern that led to explosive gains in the past.
Cryptocurrency
Price 
24-Hour Trend
7-Day Trend
Dogecoin (CRYPTO: DOGE)
$0.2282
-1.2…",https://biztoc.com/x/584dfbf8af827b5d,2025-05-15T18:23:58Z,Dogecoin (CRYPTO: DOGE) is catching traders' attention again as its current price action closely resembles a major historical pattern that led to explosive gains in the past.CryptocurrencyPrice 24-Ho… [+136 chars]
Biztoc.com,benzinga.com,"Floki Soars 78% In A Month, Outpaces Dogecoin and Shiba Inu: What's Next?","Floki (CRYPTO: FLOKI) is continuing its explosive momentum, gaining 78% over the past month, which outpaces Dogecoin's 40% and Shiba Inu's 18% gains in the same timeframe.
Cryptocurrency
Price 
Market Cap
24-Hour Trend
7-Day Trend
Floki (CRYPTO: FLOKI)
 $0.00…",https://biztoc.com/x/4d3b762208d566d1,2025-05-22T17:09:03Z,"Floki (CRYPTO: FLOKI) is continuing its explosive momentum, gaining 78% over the past month, which outpaces Dogecoin's 40% and Shiba Inu's 18% gains in the same timeframe.CryptocurrencyPrice Market C… [+120 chars]"
newsBTC,Scott Matherson,Shiba Inu’s Shibarium Struggles As New Accounts Crash To Fresh Lows,"Following its launch by the Shiba Inu team back in August 2023, the Shibarium network has been subject to the highs and lows of the market. Despite coming from a team with a large community, the Ethereum Layer 2 network has struggled to stay relevant in the f…",http://www.newsbtc.com/shiba-inu/shiba-inu-shibarium-struggles/,2025-05-22T09:30:39Z,"Scott Matherson is a prominent crypto writer at NewsBTC with a knack for capturing the pulse of the market, covering pivotal shifts, technological advancements, and regulatory changes with precision.… [+3106 chars]"
Biztoc.com,benzinga.com,"Dogecoin Surges 11% As Market Optimism, Trade Deal Boost Risk Assets","Dogecoin (CRYPTO: DOGE), the popular cryptocurrency originally created as a parody of Bitcoin in 2013, is trading higher by 11% Thursday afternoon, reaching the $0.191 level.
What To Know: Designed as a lighthearted alternative to traditional cryptocurrencies…",https://biztoc.com/x/ed6b3c8145bf1651,2025-05-08T19:07:59Z,"Dogecoin (CRYPTO: DOGE), the popular cryptocurrency originally created as a parody of Bitcoin in 2013, is trading higher by 11% Thursday afternoon, reaching the $0.191 level.What To Know: Designed as… [+146 chars]"
newsBTC,Jake Simmons,Shiba Inu Bulls Roar To Life After Breakout—Next Price Targets,"Shiba Inu (SHIB) printed a textbook-grade inverted head-and-shoulders on the daily chart this spring, and Tuesday’s session shows the pattern has now gone through the full breakout-and-retest sequence flagged by independent analyst Cantonese Cat (@cantonmeow)…",http://www.newsbtc.com/shiba-inu/shiba-inu-bulls-roar-to-life-after-breakout/,2025-05-21T17:30:15Z,"Strict editorial policy that focuses on accuracy, relevance, and impartiality
Created by industry experts and meticulously reviewed
The highest standards in reporting and publishing
Strict editori… [+3350 chars]"
ZyCrypto,Newton Gitonga,Shiba Inu Whales Accumulate Over 1.4 Trillion Tokens in A Week — Wen New SHIB All-Time High?,Shiba Inu (SHIB) could be on the brink of a major rally as whale accumulation surges to unprecedented levels.,https://zycrypto.com/shiba-inu-whales-accumulate-over-1-4-trillion-tokens-in-a-week-wen-new-shib-all-time-high/,2025-05-02T14:52:46Z,"Shiba Inu (SHIB) could be on the brink of a major rally as whale accumulation surges to unprecedented levels.
Over the past six days, large holders have amassed over 1.4 trillion SHIB tokens, signal… [+2396 chars]"
Ambcrypto.com,Samyukhtha L KM,Dogecoin’s price stalls even as traders bet big – Mapping DOGE’s road ahead,Futures data says DOGE is ready for a big move.,https://ambcrypto.com/dogecoins-price-stalls-even-as-traders-bet-big-mapping-doges-road-ahead/,2025-05-14T13:00:24Z,"<ul><li>Dogecoin, Pepe, and dogwifhat saw major gains, showing a renewed interest in memecoins.</li><li>Despite price dips, bullish sentiment remains strong across most top-performing meme tokens thi… [+2219 chars]"
Ambcrypto.com,Akashnath S,GOAT rallies 273% in 5 days – Bulls seek to defend $0.2 support next,GOAT's overbought conditions showed that a short-term price dip was possible.,https://ambcrypto.com/goat-rallies-273-in-5-days-bulls-seek-to-defend-0-2-support-next/,2025-05-13T05:30:00Z,<ul><li>GOAT surpassed key resistance levels established over the past 10 weeks.</li><li>BTC’s bullish strength has lent altcoins a new lease of life.</li></ul>The memecoin market has soared higher o… [+1829 chars]
Activistpost.com,Editor,Trump Family-Linked Firms Profited $320M on Memecoin Despite 87% Decline Since Day One,"Data from Chainalysis show the creators of the TRUMP token made $320 million in fees while retail investors lost money. What to know: CORRECTION (May 9, 11:58 UTC): Corrected headline, first bullet to say Trump-family linked firms profited millions from TRUMP…",https://www.activistpost.com/trump-family-linked-firms-profited-320m-on-memecoin-despite-87-decline-since-day-one/,2025-05-16T12:00:00Z,"Data from Chainalysis show the creators of the TRUMP token made $320 million in fees while retail investors lost money.
<ul><li>Data from Chainalysis shows that the creators of the TRUMP token made … [+5932 chars]"
Biztoc.com,benzinga.com,"Pepe Jumps 14%, Outpaces Dogecoin, Shiba Inu As Meme Coins Roar","Pepe's (CRYPTO: PEPE) is up 45% over th past week, grabbing attention as trading volume overtook Shiba Inu (CRYPTO: SHIB) and price performance edged ahead of both SHIB and Dogecoin (CRYPTO: DOGE).
Cryptocurrency
Price 
Market Cap
24-Hour Trend
7-Day Trend
Pe…",https://biztoc.com/x/a92f53ccff3b8feb,2025-05-08T16:25:50Z,"Pepe's (CRYPTO: PEPE) is up 45% over th past week, grabbing attention as trading volume overtook Shiba Inu (CRYPTO: SHIB) and price performance edged ahead of both SHIB and Dogecoin (CRYPTO: DOGE).Cr… [+123 chars]"
newsBTC,Christian Encila,Double Trouble Or Double Gains? Shiba Inu Shows Signs Of Reversal Amid Massive Burn,"Shiba Inu (SHIB) hit a high of $0.00001511 on April 26, 2025, its highest value this month in what experts refer to as a see-saw run. The meme coin failed to break a significant resistance level that contains a huge chunk of all SHIB coins in circulation, as …",http://www.newsbtc.com/meme-coins/double-trouble-or-double-gains-shiba-inu-shows-signs-of-reversal/,2025-05-02T03:00:27Z,"Strict editorial policy that focuses on accuracy, relevance, and impartiality
Created by industry experts and meticulously reviewed
The highest standards in reporting and publishing
Strict editori… [+3412 chars]"
Biztoc.com,benzinga.com,"Popcat Surges 17% In A Day — Trader Predicts Explosive Move To $1, Outpacing Dogecoin, Shiba Inu","Popcat (CRYPTO: POPCAT) has jumped 17% in a day, reigniting the meme coin mania as traders expect it to chase meme heavyweights Dogecoin (CRYPTO: DOGE) and Shiba Inu (CRYPTO: SHIB).
What Happened: Crypto trader Unipcs revealed he’s up seven figures on his Pop…",https://biztoc.com/x/4415f4c3f8d81380,2025-05-08T19:07:45Z,"Popcat (CRYPTO: POPCAT) has jumped 17% in a day, reigniting the meme coin mania as traders expect it to chase meme heavyweights Dogecoin (CRYPTO: DOGE) and Shiba Inu (CRYPTO: SHIB).What Happened: Cry… [+141 chars]"
Ambcrypto.com,Akashnath S,Shiba Inu price prediction – What to expect from memecoin after its support fails,Funding rate data revealed that the past few days saw a hike in bearish sentiments,https://ambcrypto.com/shiba-inu-price-prediction-what-to-expect-from-memecoin-after-its-support-fails/,2025-05-06T06:00:31Z,"<ul><li>Shiba Inu slipped under the mid-range level and did not offer a buying opportunity</li><li>High on-chain activity recently could be a sign of accumulation</li></ul>Shiba Inu [SHIB], at the ti… [+1987 chars]"
ZyCrypto,Guest Author,"BTC Above 109K Sets The Stage: Best Meme Coin for x100 in This Bull Run – Pepe, Shiba, or Influencer Pepe (INPEPE)?","Shiba Inu and Pepe have risen to fame as two of the most successful meme coins, delivering impressive gains for their earliest supporters. Shiba Inu made global news by transforming small assets into huge windfalls, jumping over 80,000,000% from its starting …",https://zycrypto.com/btc-above-109k-sets-the-stage-best-meme-coin-for-x100-in-this-bull-run-pepe-shiba-or-influencer-pepe-inpepe/,2025-05-22T17:04:44Z,"Disclaimer: The below article is sponsored, and the views in it do not represent those of ZyCrypto. Readers should conduct independent research before taking any actions related to the project mentio… [+3590 chars]"
Foreign Policy,Chloe Hadavas,Is American Soft Power Finished?,Joseph Nye’s death marks the end of an era of U.S. foreign policy.,http://foreignpolicy.com/2025/05/11/joseph-nye-death-us-soft-power-trump-era/,2025-05-11T14:00:22Z,"Traditionally the test of a great power was its strength in war. Today, however, the definition of power is losing its emphasis on military force and conquest that marked earlier eras, Joseph Nye, th… [+3465 chars]"
Biztoc.com,benzinga.com,"Pepe Rallies 40% In 7 Days Outpaces Dogecoin, Shiba Inu: What's Next?","Pepe (CRYPTO: PEPE) has jumped over 40% in the last week, but traders are split on whether this rally has more room to run or if a correction is imminent.
Cryptocurrency
Price 
Market Cap
24-Hour Trend
7-Day Trend
Pepe (CRYPTO: PEPE)
$0.00001358
$5.7 billion
…",https://biztoc.com/x/d6afa0e58dba6961,2025-05-15T14:42:54Z,"Pepe (CRYPTO: PEPE) has jumped over 40% in the last week, but traders are split on whether this rally has more room to run or if a correction is imminent.CryptocurrencyPrice Market Cap24-Hour Trend7-… [+137 chars]"
Biztoc.com,benzinga.com,"Fartcoin Leads Meme Coin Rally Ahead Of Dogecoin, Shiba Inu: Is $2 Next?","Fartcoin (CRYPTO: FARTCOIN) is leading the latest meme coin charge, surging 18% in 24 hours, as traders eye a run to $2 in the near term.
Cryptocurrency
Price 
Market Cap
24-Hour Trend
7-Day Trend
Fartcoin (CRYPTO: FARTCOIN)
 $1.53
$1.53 billion
 +17.9%
+19.1…",https://biztoc.com/x/f7a8569f746db980,2025-05-22T13:06:32Z,"Fartcoin (CRYPTO: FARTCOIN) is leading the latest meme coin charge, surging 18% in 24 hours, as traders eye a run to $2 in the near term.CryptocurrencyPrice Market Cap24-Hour Trend7-Day TrendFartcoin… [+131 chars]"
Coinjournal.net,Benson Toti,Fartcoin price warning: why this meme token could plunge 50%,"Fartcoin (FARTCOIN) price was down 5% in 24 hours amid fresh profit taking. Analyst Captain Faibik says the memcoin could drop 50% amid a bearish impulse. Price faces key hurdle around $1.45 and $1.60, and support at $1.2 Several top memecoins, including Doge…",https://coinjournal.net/news/fartcoin-price-warning-why-this-meme-token-could-plunge-50/,2025-05-28T11:36:24Z,<ul><li>Fartcoin (FARTCOIN) price was down 5% in 24 hours amid fresh profit taking.</li><li>Analyst Captain Faibik says the memcoin could drop 50% amid a bearish impulse.</li><li>Price faces key hurd… [+2720 chars]
Biztoc.com,benzinga.com,"Pepe Pops 30%, Leapfrogs Meme Veterans Dogecoin, Shiba Inu In Trading Volume And Momentum","Pepe (CRYPTO: PEPE) has exploded for a 30% gain, triggering a wave of liquidations and whale activity; traders are now eyeing a massive weekend ahead for the meme coin.
Cryptocurrency
Price 
Market Cap
24-Hour Trend
7-Day Trend
Pepe (CRYPTO: PEPE)
$0.00001252…",https://biztoc.com/x/2f80e236fed55c41,2025-05-09T16:22:55Z,"Pepe (CRYPTO: PEPE) has exploded for a 30% gain, triggering a wave of liquidations and whale activity; traders are now eyeing a massive weekend ahead for the meme coin.CryptocurrencyPrice Market Cap2… [+116 chars]"
Biztoc.com,benzinga.com,"Floki Jumps 23% In 7 Days: What's Powering The Relative Strength Against Dogecoin, Shiba Inu?","Floki (CRYPTO: FLOKI) is up 7% in the past 24 hours and 23% over the past 30 days, showing notable relative strength, with traders and analysts pointing to bullish momentum, fresh utility and key partnerships as drivers.
Cryptocurrency
Price 
Market Cap
24-Ho…",https://biztoc.com/x/ebe41bb320a893b0,2025-04-30T15:13:37Z,"Floki (CRYPTO: FLOKI) is up 7% in the past 24 hours and 23% over the past 30 days, showing notable relative strength, with traders and analysts pointing to bullish momentum, fresh utility and key par… [+138 chars]"
Biztoc.com,benzinga.com,"Dogecoin, Shiba Inu Spike But Floki And Bonk Are Stars Of Monday's Meme Rally","Memecoins were up in the green Monday overnight, with Floki and Bonk leading the charge following Bitcoin's (CRYPTO: BTC) reclaim of $95,000.
What happened: Ethereum (CRYPTO: ETH)-based FLOKI hit a two-month high of $0.00009044 late in the evening, representi…",https://biztoc.com/x/7e946de0cb534cdb,2025-04-29T03:26:06Z,"Memecoins were up in the green Monday overnight, with Floki and Bonk leading the charge following Bitcoin's (CRYPTO: BTC) reclaim of $95,000.What happened: Ethereum (CRYPTO: ETH)-based FLOKI hit a tw… [+146 chars]"
Biztoc.com,benzinga.com,"Scottie Pippen Declares 'Altcoin Season' As Ethereum, XRP, Dogecoin, Shiba Inu Rally","Altcoins are surging as Bitcoin dominance pulls back, suggesting a renewed flow of capital into Ethereum and the broader altcoin market. Celebrity interest is also heating up, adding fuel to the narrative.
What Happened: Six-time NBA champion Scottie Pippen j…",https://biztoc.com/x/bfa63930338be30c,2025-05-12T17:13:04Z,"Altcoins are surging as Bitcoin dominance pulls back, suggesting a renewed flow of capital into Ethereum and the broader altcoin market. Celebrity interest is also heating up, adding fuel to the narr… [+146 chars]"
Biztoc.com,benzinga.com,Pepe Up 3% As 'Dogecoin Millionaire' Says It May Become 'The Best Trade Of My Life',"Pepe (CRYPTO: PEPE) is drawing serious attention from high-profile traders as its metrics and momentum surge.
Cryptocurrency
Price 
Market Cap
24-Hour Trend
7-Day Trend
Pepe (CRYPTO: PEPE)
 $0.00001497
$6.3 billion
+3% 
+10% 
Dogecoin (CRYPTO: DOGE)
 $0.2374
…",https://biztoc.com/x/3d17b74b51176fc4,2025-05-23T15:51:41Z,Pepe (CRYPTO: PEPE) is drawing serious attention from high-profile traders as its metrics and momentum surge.CryptocurrencyPrice Market Cap24-Hour Trend7-Day TrendPepe (CRYPTO: PEPE)$0.00001497$6.3 b… [+127 chars]
ZyCrypto,Aliyu Pokima,"$1 Trillion Bull Storm Projected for Dogecoin, XRP, Solana, Cardano, Shiba Inu as Traders Lock-In New Highs",Projections for a $1 DOGE price resurface with holders drawing lines with leading altcoins ahead of the next cycle.,https://zycrypto.com/1-trillion-bull-storm-projected-for-dogecoin-xrp-solana-cardano-shiba-inu-as-traders-lock-in-new-highs/,2025-05-09T14:48:26Z,A Dogecoin trader has flagged an imminent breakout in the assets price this month. This is hinged on bulls maintaining recent pressure past the $0.2 resistance to trigger a larger climb. Projections … [+2133 chars]
Biztoc.com,benzinga.com,"25.74 Trillion Shiba Inu Stuck, As SHIB Trapped In Uncertainty Amid Market Downturn","The cryptocurrency market is witnessing a significant downturn, with Shiba Inu (CRYPTO: SHIB) being notably impacted. 
As per a report, the market has seen liquidations worth $298 million in cryptocurrencies, with Shiba Inu’s value declining by 5.81%.
The dow…",https://biztoc.com/x/a9384ab56c7bdd80,2025-05-18T16:42:56Z,"The cryptocurrency market is witnessing a significant downturn, with Shiba Inu (CRYPTO: SHIB) being notably impacted. As per a report, the market has seen liquidations worth $298 million in cryptocur… [+144 chars]"
GlobeNewswire,Cheems project,"Cheems Memecoin Defies Global Economic Turmoil with Astonishing 3,541% Year-Over-Year Surge","NEW YORK, April 30, 2025 (GLOBE NEWSWIRE) -- In a stunning turn of events amid global financial uncertainty, Cheems ($CHEEMS), a lighthearted memecoin
 inspired by the iconic Shiba Inu character, has skyrocketed by 3,541% over the past year with its market c…",https://www.globenewswire.com/news-release/2025/04/30/3071053/0/en/Cheems-Memecoin-Defies-Global-Economic-Turmoil-with-Astonishing-3-541-Year-Over-Year-Surge.html,2025-04-30T08:24:00Z,"NEW YORK, April 30, 2025 (GLOBE NEWSWIRE) -- In a stunning turn of events amid global financial uncertainty, Cheems ($CHEEMS), a lighthearted memecoin
 inspired by the iconic Shiba Inu character, ha… [+5036 chars]"
ZyCrypto,Guest Author,"Could Ruvi AI (RUVI) Be the Next 100x Crypto Gem Like Shiba? Analysts Predict 20,000% Price Increase During Altcoin Season","Shiba Inu (SHIB) has been a standout star in the meme coin universe, transforming from internet humor into a community-driven cryptocurrency powerhouse. With a current price of $0.00001685 and a market cap of $9.93 billion, SHIB recently grabbed headlines wit…",https://zycrypto.com/could-ruvi-ai-ruvi-be-the-next-100x-crypto-gem-like-shiba-analysts-predict-20000-price-increase-during-altcoin-season/,2025-05-12T19:19:00Z,"Disclaimer: The below article is sponsored, and the views in it do not represent those of ZyCrypto. Readers should conduct independent research before taking any actions related to the project mentio… [+3648 chars]"
ZyCrypto,Guest Author,"Shiba Goes Up 19% in a Month, But Ruvi AI (RUVI) Is Expected to 100x Thanks to Early 100% Bonus","Shiba Inu (SHIB), a community-driven meme cryptocurrency, is trading at $0.0000142 as of today, reflecting its entrenched position among the top cryptocurrencies. Despite recent market fluctuations, Shiba Inu has maintained an impressive global community of 1…",https://zycrypto.com/shiba-inu-shib-goes-up-19-in-a-month-but-ruvi-ai-ruvi-is-expected-to-100x-thanks-to-early-100-bonus/,2025-05-18T21:20:43Z,"Disclaimer: The below article is sponsored, and the views in it do not represent those of ZyCrypto. Readers should conduct independent research before taking any actions related to the project mentio… [+3277 chars]"
ZyCrypto,Guest Author,"BTC above 100k and meme coins surging, best meme coin for x100 potential, Pepe, Shiba, or Pepeto?","Shiba Inu and Pepe have become two of the most recognized meme coins, delivering huge profits to their earliest holders. Shiba Inu shot to fame by turning tiny stakes into massive fortunes, climbing over 80,000,000% from its initial price to its peak, marking…",https://zycrypto.com/btc-above-100k-and-meme-coins-surging-best-meme-coin-for-x100-potential-pepe-shiba-or-pepeto/,2025-05-08T07:33:12Z,"Disclaimer: The below article is sponsored, and the views in it do not represent those of ZyCrypto. Readers should conduct independent research before taking any actions related to the project mentio… [+3201 chars]"
Ambcrypto.com,Gladys Makena,Shiba Inu whale activity collapses 66% – $0.000014 on the line,Whales vanish from Shiba Inu—what does this 66% collapse in activity mean for SHIB’s next move?,https://ambcrypto.com/shiba-inu-whale-activity-collapses-66-0-000014-on-the-line/,2025-05-17T11:00:23Z,"<ul><li>Shiba Inu’s Large Transactions dropped 66.15% in 48 hours, hitting a 2-week low in whale activity.</li><li>If SHIB fails to close above $0.00001478, it could slide further to $0.00001387.</li… [+2686 chars]"
ZyCrypto,Brian Njuguna,"Shiba Inu Whales Move 34 Trillion SHIB to Cold Storage, Signaling All-Time High Blowup",Shiba Inu (SHIB) is witnessing soaring buyer interest in the market due to the springing up of constantly higher lows.,https://zycrypto.com/shiba-inu-whales-move-34-trillion-shib-to-cold-storage-signaling-all-time-high-blowup/,2025-05-28T19:01:08Z,"Shiba Inu (SHIB) is witnessing soaring buyer interest due to the springing up of constantly higher lows.
Higher lows in the market often depict an uptrend or bullish momentum because buyers usually … [+1086 chars]"
Ambcrypto.com,AMBCrypto Team,"SHIB Holder Losses Top 59% Amid Falling Retail Buzz, as Trader Momentum Shifts to XYZVerse and Its 4,988% Rally","As interest in SHIB declines among retail investors, more than half of its holders are […]",https://ambcrypto.com/shib-holder-losses-top-59-amid-falling-retail-buzz-as-trader-momentum-shifts-to-xyzverse-and-its-4988-rally/,2025-05-08T19:45:23Z,"As interest in SHIB declines among retail investors, more than half of its holders are facing losses. Meanwhile, traders are turning their attention to XYZVerse, which has skyrocketed by an astonishi… [+3841 chars]"
ZyCrypto,Brian Njuguna,$0.001 Shiba Inu Price Crazily Expected as Shibarium Hits the 11 Million Block Milestone,"As Shiba Inu (SHIB) enjoys a two-fold increase on the monthly chart, the second-largest meme coin is eyeing a major leg up.",https://zycrypto.com/0-001-shiba-inu-price-crazily-expected-as-shibarium-hits-the-11-million-block-milestone/,2025-05-17T16:53:05Z,"As Shiba Inu (SHIB) enjoys a two-fold increase on the monthly chart, the second-largest meme coin is eyeing a major leg up.
According to crypto analyst Henry, With Shibarium adoption growing and agg… [+1328 chars]"
Biztoc.com,benzinga.com,Shiba Inu Drops 10% In 7 Days: What Is Going On?,"Shiba Inu (CRYPTO: SHIB) is down 10% over the past week but continues to attract bullish forecasts from traders, driven by its aggressive token burn rate and high concentration in whale holdings.
Cryptocurrency
Price 
Market Cap
24-Hour Trend
7-Day Trend
Shib…",https://biztoc.com/x/d544b7e6d4b30df9,2025-05-05T12:26:53Z,"Shiba Inu (CRYPTO: SHIB) is down 10% over the past week but continues to attract bullish forecasts from traders, driven by its aggressive token burn rate and high concentration in whale holdings.Cryp… [+126 chars]"
Biztoc.com,benzinga.com,Shiba Inu Burns 46 Million SHIB In Single Day: What Is Going On?,"Shiba Inu (CRYPTO: SHIB) is showing renewed bullish momentum as consistent token burns and growing adoption of the Shibarium Layer 2 network fuel speculation of an explosive leg higher.
Cryptocurrency
Price 
Market Cap
24-Hour Trend
7-Day Trend
Shiba Inu (CRY…",https://biztoc.com/x/2dc4f20db37aba61,2025-05-14T14:32:52Z,Shiba Inu (CRYPTO: SHIB) is showing renewed bullish momentum as consistent token burns and growing adoption of the Shibarium Layer 2 network fuel speculation of an explosive leg higher.Cryptocurrency… [+137 chars]
ZyCrypto,Guest Author,"As Meme Season Closes, Shiba Inu and Dogecoin Holders Turn to New De-Fi Exchange Presale Mantix","A decentralized exchange, Mantix, currently in its presale stage, has continued to turn heads in the crypto communities. With the declining hype around meme coins, traders are looking beyond the speculative buzz. As trailblazing meme coins, SHIB and DOGE cont…",https://zycrypto.com/as-meme-season-closes-shiba-inu-and-dogecoin-holders-turn-to-new-de-fi-exchange-presale-mantix/,2025-05-24T20:56:27Z,Please wait while your request is being verified...
Biztoc.com,benzinga.com,"XRP, Dogecoin, Shiba Inu Waiting To Pump: 'They Dominate Mindshare, They Can Lead In Culture,' Expert Says","Bitcoin‘s (CRYPTO: BTC) recent surge to an all-time high of $111,900 has reignited discussions about its market dominance and the potential implications for altcoins.
As Bitcoin’s dominance approaches 64%, analysts are closely monitoring whether this trend wi…",https://biztoc.com/x/6bf8019a00f4236c,2025-05-22T18:22:17Z,"Bitcoins (CRYPTO: BTC) recent surge to an all-time high of $111,900 has reignited discussions about its market dominance and the potential implications for altcoins.As Bitcoins dominance approaches 6… [+144 chars]"
Biztoc.com,benzinga.com,Shiba Inu Drops 4%: What Is Going On?,"Despite forming a golden cross, Shiba Inu (CRYPTO: SHIB) is down 4% over the past 24 hours. 
Analysts say the pullback may be temporary, with strong technical signals and long-term bullish fundamentals building beneath the surface.
Cryptocurrency
Price 
Marke…",https://biztoc.com/x/3834fa05ec6dbc1a,2025-05-23T14:12:02Z,"Despite forming a golden cross, Shiba Inu (CRYPTO: SHIB) is down 4% over the past 24 hours. Analysts say the pullback may be temporary, with strong technical signals and long-term bullish fundamental… [+137 chars]"
Coinjournal.net,Hassan Maishera,Bonk vs. PepeX: Which token will deliver a better ROI in 2025?,"Key takeaways  BONK has lost 40% of its value since the start of the year, while $PEPX will deliver a 300% ROI to early investors when it launches on exchanges. The PepeX presale has officially crossed $2.1 million and will enter a new stage once it hits $2.4…",https://coinjournal.net/news/bonk-vs-pepex-who-will-deliver-a-better-roi-in-2025/,2025-05-08T08:28:08Z,"Key takeaways 
<ul><li>BONK has lost 40% of its value since the start of the year, while $PEPX will deliver a 300% ROI to early investors when it launches on exchanges.</li><li>The PepeX presale has… [+3545 chars]"
ZyCrypto,Brian Njuguna,"Shiba Inu Burn Rate Explodes 17,930% as Analysts Cite 17X SHIB Price Rocket to $0.0002","Based on this analysis, Shiba Inu’s strong buy zone is expected to ignite high demand, which will help propel the meme coin to $0.00023.",https://zycrypto.com/shiba-inu-burn-rate-explodes-17930-as-analysts-cite-17x-shib-price-rocket-to-0-0002/,2025-05-23T21:16:42Z,"Thanks to its community-driven movement, Shiba Inu (SHIB) continues to propel the meme coin culture.
As a result, the second-largest meme coin is eyeing a major boost with the psychological price of… [+1555 chars]"
BusinessLine,Vallari Sanzgiri,"CoinSwitch holds 1:1 ratio in total assets of ₹2,764 crore","Following the WazirX attack in 2024, many folks in crypto-space were concerned of losing their assets in case of such hacking. A 1:1 or higher ratio encourages investment in cryptocurrency",https://www.thehindubusinessline.com/money-and-banking/cryptocurrency/coinswitch-holds-11-ratio-in-total-assets-of-2764-crore/article69545934.ece,2025-05-07T05:30:00Z,"CoinSwitch holds 2,764.20 crore in total assets, including crypto holdings and liquid assets, with a reserve buffer of 625.56 crore over user holdings of 2,138.64 crore, as of March 31, 2025, as per … [+1960 chars]"
Coinjournal.net,Diya Poddar,Shiba Inu price up 32% in a month as Trump trade deals and burn data lift momentum,"Trump trade deal boosts overall crypto sentiment. Open Interest reaches $263 million. Analyst predicts SHIB could rise 4x from current levels. Shiba Inu is making a comeback after months of sluggish price action, with data showing a 32% increase over the past…",https://coinjournal.net/news/shiba-inu-price-up-32-in-a-month-as-trump-trade-deals-and-burn-data-lift-momentum/,2025-05-12T11:36:01Z,<ul><li>Trump trade deal boosts overall crypto sentiment.</li><li>Open Interest reaches $263 million.</li><li>Analyst predicts SHIB could rise 4x from current levels.</li></ul>Shiba Inu is making a c… [+2453 chars]
ZyCrypto,Arnold Kirimi,"XRP, Shiba Inu, Cardano, Solana Primed For Eruption as $3 Trillion Crypto Market Shows Altseason Awakening","Bitcoin (BTC) price has climbed above $95,000, XRP, Shiba Inu, Cardano, Solana, and many altcoins have gained roughly 5–13% over the past week​.",https://zycrypto.com/xrp-shiba-inu-cardano-solana-primed-for-eruption-as-3-trillion-crypto-market-shows-altseason-awakening/,2025-05-02T11:13:01Z,"Bitcoin (BTC) price has climbed above $95,000, XRP, Shiba Inu, Cardano, Solana, and many altcoins have gained roughly 513% over the past week. Analytics platform Santiment reports that the total cryp… [+3102 chars]"
Coinjournal.net,Diya Poddar,"Shiba Inu rallies 23%, yet whale exits and RSI trends suggest slowdown","Whale count down to 10,205 from 10,232 in 9 days. SHIB trading between $0.000014 support and $0.0000152 resistance. EMA flattening suggests paused bullish momentum. Shiba Inu (SHIB), the Ethereum-based meme coin, has gained 23% over the past month, reflecting…",https://coinjournal.net/news/shiba-inu-rallies-23-yet-whale-exits-and-rsi-trends-suggest-slowdown/,2025-05-19T11:56:58Z,"<ul><li>Whale count down to 10,205 from 10,232 in 9 days.</li><li>SHIB trading between $0.000014 support and $0.0000152 resistance.</li><li>EMA flattening suggests paused bullish momentum.</li></ul>S… [+3478 chars]"
Coinjournal.net,Collaborations,PepeX vs Shiba Inu: the better bet in 2025,"The cryptocurrency market held firm on Sunday despite a slight dip. Amid this broad market stability, two meme coins are charting very different paths. The PepeX presale is closing in on $2 million in total funding. The cryptocurrency market held firm on Sund…",https://coinjournal.net/news/pepex-vs-shiba-inu-the-better-bet-in-2025/,2025-05-04T05:41:13Z,"<ul><li>The cryptocurrency market held firm on Sunday despite a slight dip.</li><li>Amid this broad market stability, two meme coins are charting very different paths.</li><li>The PepeX presale is cl… [+3535 chars]"
Coinjournal.net,Diya Poddar,"Shiba Inu price rises 24% in 7 days, but short interest hints at reversal risk","Bollinger Band Trend shows shrinking momentum. Long/short ratio falls below 1.0 as shorts gain. Price risks correction toward $0.000010. Shiba Inu (SHIB) has recorded a sharp upswing over the past week, climbing by 24% amid renewed investor appetite for meme …",https://coinjournal.net/news/shiba-inu-price-rises-24-in-7-days-but-short-interest-hints-at-reversal-risk/,2025-05-14T12:59:19Z,<ul><li>Bollinger Band Trend shows shrinking momentum.</li><li>Long/short ratio falls below 1.0 as shorts gain.</li><li>Price risks correction toward $0.000010.</li></ul>Shiba Inu (SHIB) has recorded… [+2962 chars]
Newsweek,Tom Norton,What Is a Meme Coin? Trump's Cryptocurrency Explained,"President Donald Trump will host a private dinner for the first 220 holders of his cryptocurrency meme coin ""TRUMP"" on Thursday",https://www.newsweek.com/what-meme-coin-trump-cryptocurrency-explained-2075918,2025-05-22T17:16:04Z,"President Donald Trump hosts an exclusive dinner today for the first 220 holders of his eponymously named ""TRUMP"" cryptocurrency, a controversial class of cryptocurrency known as a ""meme coin.""
Trum… [+10027 chars]"
Ambcrypto.com,Anjali Sriniwasan,Top 13 memecoins to watch out for in May 2025,Memcoins have become an integral part of the crypto ecosystem. While they started out as […],https://ambcrypto.com/top-13-memecoins-to-watch-out-for-in-may-2025/,2025-05-14T16:40:32Z,"Memcoins have become an integral part of the crypto ecosystem. While they started out as jokes or experiments, they have grown popular, attracting a wider audience and also helping make blockchain te… [+7855 chars]"
ZyCrypto,Aliyu Pokima,Dogecoin Traders Are Going Long: Is A $0.5 DOGE Price Jump On The Horizon?,"Dogecoin (DOGE) bulls are bracing for new highs after on-chain metrics flash green. This comes after consecutive weeks of sideways trading despite attempted bullish resistance. On the broader scale, meme coin sentiments have skyrocketed, leading to an over $1…",https://zycrypto.com/dogecoin-traders-are-going-long-is-a-0-5-doge-price-jump-on-the-horizon/,2025-05-18T14:15:34Z,"Dogecoin (DOGE) bulls are bracing for new highs after on-chain metrics flash green. This comes after consecutive weeks of sideways trading despite attempted bullish resistance. On the broader scale, … [+1918 chars]"
The Times of India,Navdeep Singh,"Bitcoin tops $103,000 as softer US inflation boosts rate cut hopes","Bitcoin surpassed $103,000 as U.S. inflation data eased, fueling hopes for Federal Reserve rate cuts. The crypto market capitalisation increased, with altcoins like Ethereum and Dogecoin leading the gains. Analysts suggest Bitcoin faces resistance at $105,000…",https://economictimes.indiatimes.com/markets/cryptocurrency/crypto-news/bitcoin-tops-103000-as-softer-us-inflation-boosts-rate-cut-hopes/articleshow/121159309.cms,2025-05-14T08:57:12Z,"Bitcoin and other major cryptocurrencies traded higher on Wednesday after softer-than-expected U.S. inflation data and easing trade tensions boosted investor sentiment, reviving hopes of interest rat… [+2741 chars]"
The Times of India,ETMarkets.com,"Crypto prices today: Bitcoin trades near $110,000 as geopolitical tensions ease; Altcoins jump up to 5%","Bitcoin hovered near $110,000 on Monday as easing geopolitical tensions and renewed institutional interest lifted crypto markets. The global crypto market cap rose 2% to $3.46 trillion, with Bitcoin up 2.1% and Ethereum gaining 3.6%. Analysts see resistance a…",https://economictimes.indiatimes.com/markets/cryptocurrency/crypto-news/crypto-prices-today-bitcoin-trades-near-110000-as-geopolitical-tensions-ease-altcoins-jump-up-to-5/articleshow/121408963.cms,2025-05-26T08:15:17Z,"As of 12:51 PM IST, Bitcoin rose 2.1% to $1,09,993, while Ethereum gained 3.6% to $2,588. The global cryptocurrency market cap climbed 2% to $3.46 trillion.Bitcoin rebounded after the U.S. dialled ba… [+2184 chars]"
ZyCrypto,Newton Gitonga,SHIB Price Explosion Beckons as Shiba Inu Insider Explains Why Solana Projects Should Join Shibarium,"Shiba Inu’s marketing lead, LUCIE, has urged Solana-based projects to consider expanding into Shibarium.",https://zycrypto.com/shib-price-explosion-beckons-as-shiba-inu-insider-explains-why-solana-projects-should-join-shibarium/,2025-05-09T10:30:49Z,"In a bold call to action for cross-chain collaboration, Shiba Inus marketing lead, LUCIE, has urged Solana-based projects to consider expanding into Shibarium.
In a Thursday tweet, the pundit emphas… [+2527 chars]"
